
show databases;: 
Result Type: 1
dbName	

create database DB1;: 
Result Type: 0

create database DB2;: 
Result Type: 0

use database DB1;: 
Result Type: 0

drop database DB2;: 
Result Type: 0

show databases;: 
Result Type: 1
dbName	

use database DB2;: 
Result Type: 0

use database DB1;: 
Result Type: 0

create table table1(id long, name string(8), gpa double, group int, primary key(id));: 
Result Type: 0

insert into table1 values(6, 'xy', 2.103159677781864, 20): 
Result Type: 0

insert into table1 values(7, '_', 3.7275192302079203, 45): 
Result Type: 0

insert into table1 values(10, 'm_fx5', 1.1997946470220895, 23): 
Result Type: 0

insert into table1 values(11, '@', 1.897209787326597, 23): 
Result Type: 0

insert into table1 values(15, ' _%k', 1.47897574583209, 42): 
Result Type: 0

insert into table1 values(17, 'r4hpnrx', 3.258895562834398, 22): 
Result Type: 0

insert into table1 values(20, '6&!)*', 1.0833490573302798, 37): 
Result Type: 0

insert into table1 values(21, 'xq2**^v', 1.7067031454263388, 47): 
Result Type: 0

insert into table1 values(24, 'g@', 2.2934913843874325, 43): 
Result Type: 0

insert into table1 values(29, '6d#m11zl', 3.517105333087505, 45): 
Result Type: 0

insert into table1 values(31, '&@', 3.857224836330593, 7): 
Result Type: 0

insert into table1 values(36, '_gi)x', 1.4683265633608107, 50): 
Result Type: 0

insert into table1 values(37, '%5bachz', 3.718612666793241, 32): 
Result Type: 0

insert into table1 values(40, '@@b#z', 2.4763003059890414, 39): 
Result Type: 0

insert into table1 values(44, 'iwvckj^f', 2.248390267199271, 35): 
Result Type: 0

insert into table1 values(49, '&w', 1.0922522216010893, 10): 
Result Type: 0

insert into table1 values(53, 's6f1"be)', 2.3061300887839655, 40): 
Result Type: 0

insert into table1 values(56, '^1a*j5&i', 2.6032054121122914, 16): 
Result Type: 0

insert into table1 values(58, 'qo$', 2.659385484225166, 12): 
Result Type: 0

insert into table1 values(60, '*6qlyyq"', 2.667805543415138, 31): 
Result Type: 0

insert into table1 values(64, '%vp%6qo)', 1.051996824798797, 24): 
Result Type: 0

insert into table1 values(68, '1fu', 2.9203450153041834, 45): 
Result Type: 0

insert into table1 values(69, ' 23yb p', 2.391258914771827, 30): 
Result Type: 0

insert into table1 values(71, 'ngrz_6(1', 3.4238998019987297, 10): 
Result Type: 0

insert into table1 values(76, 'cc4yu', 2.899540764154806, 49): 
Result Type: 0

insert into table1 values(80, 's#v', 3.4384460213743093, 29): 
Result Type: 0

insert into table1 values(81, 'ldm*@v_', 2.5509663714765676, 46): 
Result Type: 0

insert into table1 values(83, 'i)ajofu', 3.4749278013143132, 22): 
Result Type: 0

insert into table1 values(84, 'dwq$', 2.956584153736522, 5): 
Result Type: 0

insert into table1 values(86, 'jak', 3.317949576283928, 39): 
Result Type: 0

insert into table1 values(91, '"13', 1.3765864263304808, 3): 
Result Type: 0

insert into table1 values(94, 'ibs6r', 2.2180220828667876, 16): 
Result Type: 0

insert into table1 values(95, 'iav', 1.5223422810652139, 34): 
Result Type: 0

insert into table1 values(98, 'h*', 2.5773574268831627, 49): 
Result Type: 0

insert into table1 values(99, 'e!v$2s', 1.0723887210660366, 21): 
Result Type: 0

insert into table1 values(101, 'f', 3.280013260805548, 10): 
Result Type: 0

insert into table1 values(104, 'w', 3.3534963193319864, 40): 
Result Type: 0

insert into table1 values(106, 'nxw', 3.331621638204864, 10): 
Result Type: 0

insert into table1 values(110, 'uf$q', 3.422045233907429, 12): 
Result Type: 0

insert into table1 values(113, 'xnoa1*', 3.847148365406013, 6): 
Result Type: 0

insert into table1 values(117, 'nz 22l($', 3.4677196210435524, 12): 
Result Type: 0

insert into table1 values(120, '^efw%g4', 2.3687110577582917, 28): 
Result Type: 0

insert into table1 values(124, 't@!$', 1.0223127825855076, 2): 
Result Type: 0

insert into table1 values(125, 'ek%^', 1.1897720234276976, 49): 
Result Type: 0

insert into table1 values(126, '_t"hk', 3.3045742178070086, 16): 
Result Type: 0

insert into table1 values(129, 'vjee%)6', 2.7205446257146355, 31): 
Result Type: 0

insert into table1 values(131, 'hj$ t', 1.2891091986191765, 40): 
Result Type: 0

insert into table1 values(134, 'l', 1.4238079664109862, 41): 
Result Type: 0

insert into table1 values(138, 'zycs*', 2.6435462018353855, 7): 
Result Type: 0

insert into table1 values(142, 'g2', 2.197763216225842, 15): 
Result Type: 0

insert into table1 values(147, 'hddhgnt ', 1.0176332371615324, 29): 
Result Type: 0

insert into table1 values(148, 'lrug', 1.2663949974534798, 39): 
Result Type: 0

insert into table1 values(152, 'e3"m', 3.582948201159222, 14): 
Result Type: 0

insert into table1 values(153, '")hk(v@', 1.2821847731338656, 31): 
Result Type: 0

insert into table1 values(154, '&', 1.9373190674893828, 13): 
Result Type: 0

insert into table1 values(157, '!u%kgina', 1.8639625807949576, 33): 
Result Type: 0

insert into table1 values(158, '&%rh', 3.0414579299194275, 18): 
Result Type: 0

insert into table1 values(163, '1%q!*"', 2.555068487794702, 44): 
Result Type: 0

insert into table1 values(164, 'gvmdm1', 1.6730769634994533, 26): 
Result Type: 0

insert into table1 values(168, 'teh', 3.9874326069034676, 15): 
Result Type: 0

insert into table1 values(172, 'oy3!4hh', 2.2909279840113816, 12): 
Result Type: 0

insert into table1 values(175, 'x#p', 2.266928756128544, 21): 
Result Type: 0

insert into table1 values(180, '_@yewt6', 1.5584772038204457, 18): 
Result Type: 0

insert into table1 values(181, '*yz&6xpq', 3.8124022193433094, 12): 
Result Type: 0

insert into table1 values(186, 'buinjoi', 3.6548526488155098, 46): 
Result Type: 0

insert into table1 values(188, 'l%', 2.959882381340876, 11): 
Result Type: 0

insert into table1 values(189, 'e"6)_"', 3.338056741407812, 10): 
Result Type: 0

insert into table1 values(193, 't*', 3.3630990003273826, 12): 
Result Type: 0

insert into table1 values(195, 'j!uvr', 2.1516182392410865, 3): 
Result Type: 0

insert into table1 values(197, ')y&)dhks', 1.9043990310596142, 1): 
Result Type: 0

insert into table1 values(200, '*!', 1.9421806854090522, 34): 
Result Type: 0

insert into table1 values(201, 'a6^r@_*', 2.7431956311241263, 35): 
Result Type: 0

insert into table1 values(204, 'g1joa', 2.191985678810707, 23): 
Result Type: 0

insert into table1 values(207, 'fspyv5%', 3.104792849088629, 29): 
Result Type: 0

insert into table1 values(210, '(fos d%o', 3.6328054438439423, 21): 
Result Type: 0

insert into table1 values(215, '#!t', 3.3622970023266676, 7): 
Result Type: 0

insert into table1 values(219, ' ', 3.3760685259882606, 7): 
Result Type: 0

insert into table1 values(222, ' k3fz5n', 1.9361017282981714, 45): 
Result Type: 0

insert into table1 values(226, 'y^_a)3', 3.9855102100948145, 28): 
Result Type: 0

insert into table1 values(229, 'h2', 1.787883328316085, 35): 
Result Type: 0

insert into table1 values(230, '%u*zshm', 1.864017360320921, 32): 
Result Type: 0

insert into table1 values(235, '*w', 2.7963523740763785, 17): 
Result Type: 0

insert into table1 values(239, '&', 3.9710456082912327, 13): 
Result Type: 0

insert into table1 values(244, 'w', 1.438662101214681, 30): 
Result Type: 0

insert into table1 values(248, 'd*^', 3.2659348890053406, 45): 
Result Type: 0

insert into table1 values(251, 'r"m', 1.9957545425078473, 24): 
Result Type: 0

insert into table1 values(253, '$', 3.917029253776663, 27): 
Result Type: 0

insert into table1 values(256, 'yorl&2"3', 3.405790002771715, 37): 
Result Type: 0

insert into table1 values(260, '2m63*v', 3.468306756782388, 37): 
Result Type: 0

insert into table1 values(261, 'rle5i', 1.7496861787901965, 34): 
Result Type: 0

insert into table1 values(265, 'v', 2.9268471625653887, 41): 
Result Type: 0

insert into table1 values(269, '_wj$ao', 3.4998080277305266, 15): 
Result Type: 0

insert into table1 values(271, ' 3ar@', 2.7350786504589193, 25): 
Result Type: 0

insert into table1 values(274, 'nwg1)', 1.311790955827911, 38): 
Result Type: 0

insert into table1 values(278, 'v)k)vn', 3.229722035167409, 31): 
Result Type: 0

insert into table1 values(280, 'xlcc4', 2.4952413202898747, 10): 
Result Type: 0

insert into table1 values(281, '4', 3.153744278976241, 16): 
Result Type: 0

insert into table1 values(286, '1*q#sev', 2.0344015629928194, 13): 
Result Type: 0

insert into table1 values(289, '$cg3(kxe', 2.3609514686240627, 40): 
Result Type: 0

insert into table1 values(291, 'v1(q4$', 1.2462222800237677, 35): 
Result Type: 0

: 
Result Type: -2
line 1:0 mismatched input '<EOF>' expecting {CREATE, DROP, SHOW, INSERT, DELETE, UPDATE, SELECT, USE}

create table table2(id2 long, name2 string(8), gap2 double, group2 int, primary key(id));: 
Result Type: 0

insert into table2 values(3, 'r%12', 3.4395059907961847, 6): 
Result Type: 0

insert into table2 values(8, 'l(5#6q', 2.978553642354334, 49): 
Result Type: 0

insert into table2 values(12, 'ed', 1.2429482691052436, 11): 
Result Type: 0

insert into table2 values(16, 'ujz', 2.9986345618921377, 28): 
Result Type: 0

insert into table2 values(19, 'b&#qz', 1.6776943257261947, 24): 
Result Type: 0

insert into table2 values(23, 'bm *z($', 3.0939078806819302, 33): 
Result Type: 0

insert into table2 values(26, 'n', 2.3105231380780253, 10): 
Result Type: 0

insert into table2 values(27, '1', 1.292197846047071, 27): 
Result Type: 0

insert into table2 values(28, '@tqirxux', 3.102840531939852, 8): 
Result Type: 0

insert into table2 values(33, 'cxe$%@', 1.9948757244667585, 45): 
Result Type: 0

insert into table2 values(34, '3@ows4ly', 2.7523186308586616, 37): 
Result Type: 0

insert into table2 values(35, 'ms3sz(', 2.1704587970460856, 26): 
Result Type: 0

insert into table2 values(36, 'ed*', 3.9987342916651603, 4): 
Result Type: 0

insert into table2 values(38, 'f*h$', 3.2152712548037163, 11): 
Result Type: 0

insert into table2 values(41, '%e6', 1.1060746295255557, 16): 
Result Type: 0

insert into table2 values(46, 'w_$2b', 2.2748711017066032, 26): 
Result Type: 0

insert into table2 values(48, '@zmz', 2.720950072603608, 48): 
Result Type: 0

insert into table2 values(49, '_r%dtp', 3.909328010481738, 4): 
Result Type: 0

insert into table2 values(50, 'hs ', 1.377105614845334, 25): 
Result Type: 0

insert into table2 values(53, 's_5ql', 2.1129728228734104, 34): 
Result Type: 0

insert into table2 values(55, '1qg)6rx', 2.8335827185751667, 44): 
Result Type: 0

insert into table2 values(57, 'jkh(lj&', 1.6786322263455165, 41): 
Result Type: 0

insert into table2 values(60, 'z4)', 3.110508845059387, 28): 
Result Type: 0

insert into table2 values(61, 'f', 2.839257350016806, 11): 
Result Type: 0

insert into table2 values(65, ')bj!d&(', 1.5628855212092176, 41): 
Result Type: 0

insert into table2 values(66, 'ax$6@%', 3.780267291997771, 21): 
Result Type: 0

insert into table2 values(71, 'x"g@1', 2.694911867488895, 34): 
Result Type: 0

insert into table2 values(72, 'jmq&', 3.6024993962575875, 14): 
Result Type: 0

insert into table2 values(73, '  ', 3.5211755305454546, 6): 
Result Type: 0

insert into table2 values(75, '^xhslg_', 2.7771026792992757, 4): 
Result Type: 0

insert into table2 values(80, 'gbles&', 2.8484686218117905, 44): 
Result Type: 0

insert into table2 values(82, 'h%3g', 1.7530757284460983, 13): 
Result Type: 0

insert into table2 values(83, 'hx&4xen', 1.5749415388043095, 34): 
Result Type: 0

insert into table2 values(87, '@yi%e1k1', 2.863577484969609, 28): 
Result Type: 0

insert into table2 values(90, '16j4"wb', 3.202392748515092, 6): 
Result Type: 0

insert into table2 values(94, 'bq*$)6k', 1.521379201276108, 36): 
Result Type: 0

insert into table2 values(95, '&zq', 2.3864309031903765, 9): 
Result Type: 0

insert into table2 values(100, 'pyxlh6gb', 1.2325336561199753, 19): 
Result Type: 0

insert into table2 values(105, '%*bb#h', 3.5178499619065624, 39): 
Result Type: 0

insert into table2 values(108, 'qxd', 2.0476005051213297, 28): 
Result Type: 0

insert into table2 values(109, 'nz@exh', 3.04381827804763, 22): 
Result Type: 0

insert into table2 values(111, '#m%oc', 2.586720725786388, 1): 
Result Type: 0

insert into table2 values(115, '^bn1', 2.2447152695018247, 47): 
Result Type: 0

insert into table2 values(116, '5utahr5', 1.1144211788030347, 9): 
Result Type: 0

insert into table2 values(118, ') e', 2.924648080882936, 32): 
Result Type: 0

insert into table2 values(123, 'ez &^d*', 3.1971650164084586, 36): 
Result Type: 0

insert into table2 values(127, '_', 3.4570595886039666, 49): 
Result Type: 0

insert into table2 values(132, 'l!$4', 3.5992306970078127, 20): 
Result Type: 0

insert into table2 values(135, 'a', 3.759916800323073, 19): 
Result Type: 0

insert into table2 values(138, 't', 2.8830151246561444, 17): 
Result Type: 0

insert into table2 values(143, 'b3', 1.382830745724446, 7): 
Result Type: 0

insert into table2 values(148, '&n#%1^qq', 2.7857710655213825, 32): 
Result Type: 0

insert into table2 values(149, 'ejjsqb', 2.038891256100958, 0): 
Result Type: 0

insert into table2 values(153, 'h)2a1(ys', 1.3433666703006346, 39): 
Result Type: 0

insert into table2 values(157, '@*$', 1.0831948372129456, 37): 
Result Type: 0

insert into table2 values(159, 'ue*f!(s(', 2.049092349464501, 11): 
Result Type: 0

insert into table2 values(163, 'hlw', 1.9433572355862905, 13): 
Result Type: 0

insert into table2 values(168, 'ij#v^a5t', 1.1104252826338987, 4): 
Result Type: 0

insert into table2 values(169, 'd', 1.1888000610320448, 10): 
Result Type: 0

insert into table2 values(171, 'h&)rl"', 1.2617906179043747, 44): 
Result Type: 0

insert into table2 values(172, 'k@"', 3.4062638584390306, 28): 
Result Type: 0

insert into table2 values(174, 'bvbk', 2.5061610039610542, 47): 
Result Type: 0

insert into table2 values(178, '@2b4s(k', 3.1858025241977863, 45): 
Result Type: 0

insert into table2 values(183, 'n)', 2.2066908202683093, 45): 
Result Type: 0

insert into table2 values(187, '2jtit4', 1.0762322944775908, 43): 
Result Type: 0

insert into table2 values(192, 'p*zt&*', 2.4530363736912566, 24): 
Result Type: 0

insert into table2 values(193, 'mmh&l', 1.2680791532646878, 33): 
Result Type: 0

insert into table2 values(197, 'jndoee', 1.0083231641822965, 12): 
Result Type: 0

insert into table2 values(199, 'je)', 1.859004778457635, 4): 
Result Type: 0

insert into table2 values(203, '6x*x&', 3.3928683774852866, 49): 
Result Type: 0

insert into table2 values(206, 'xb', 3.1858911166420305, 44): 
Result Type: 0

insert into table2 values(209, 't!@  ', 3.2946112843682083, 22): 
Result Type: 0

insert into table2 values(212, 'q@o3mc$a', 1.3400888947872116, 14): 
Result Type: 0

insert into table2 values(217, 'kwvvy', 2.399384342762722, 34): 
Result Type: 0

insert into table2 values(221, '1b#@5', 1.8061293894748798, 49): 
Result Type: 0

insert into table2 values(225, 'v', 2.9488525745434297, 24): 
Result Type: 0

insert into table2 values(228, '*um', 2.5907900345490726, 45): 
Result Type: 0

insert into table2 values(233, 'pap&@', 1.2364981456122548, 47): 
Result Type: 0

insert into table2 values(238, '331bqm', 1.3403144040504484, 34): 
Result Type: 0

insert into table2 values(241, 'bb^slm', 2.7806437353789426, 20): 
Result Type: 0

insert into table2 values(245, '*t', 3.9245066834748252, 36): 
Result Type: 0

insert into table2 values(248, 'oey@', 2.514499622448725, 30): 
Result Type: 0

insert into table2 values(250, 'i', 1.4339698899733322, 3): 
Result Type: 0

insert into table2 values(252, '6bn', 3.263100932347135, 35): 
Result Type: 0

insert into table2 values(255, 'l!hfj ', 1.6648978165097255, 47): 
Result Type: 0

insert into table2 values(256, 'k"dj3n"', 1.555731864674256, 18): 
Result Type: 0

insert into table2 values(260, '(j', 1.1143978942917734, 9): 
Result Type: 0

insert into table2 values(264, '6*l#5^&^', 2.1914119181469776, 24): 
Result Type: 0

insert into table2 values(266, 'u', 3.9851499526349645, 15): 
Result Type: 0

insert into table2 values(271, 'n"u*cv', 1.1170162850777237, 43): 
Result Type: 0

insert into table2 values(272, '"y%(r', 1.9917509467435632, 16): 
Result Type: 0

insert into table2 values(275, 'ji', 2.176224302301136, 11): 
Result Type: 0

insert into table2 values(278, '__v', 1.3218312697051298, 23): 
Result Type: 0

insert into table2 values(282, '%3#', 1.0682915604037868, 35): 
Result Type: 0

insert into table2 values(283, 'rg_&z', 1.0925653072483787, 33): 
Result Type: 0

insert into table2 values(286, '&or^#m', 3.0128415410730867, 2): 
Result Type: 0

insert into table2 values(289, '*', 1.6157861657538333, 32): 
Result Type: 0

insert into table2 values(294, 'nn*)cv_', 2.7808070905198896, 19): 
Result Type: 0

insert into table2 values(299, 'j$isu', 2.256757836195404, 13): 
Result Type: 0

insert into table2 values(304, '%', 2.1909414023487566, 45): 
Result Type: 0

: 
Result Type: -2
line 1:0 mismatched input '<EOF>' expecting {CREATE, DROP, SHOW, INSERT, DELETE, UPDATE, SELECT, USE}

select * from table1: 
Result Type: 1
id	name	gpa	group	
6	xy	2.103159677781864	20	
7	_	3.7275192302079203	45	
10	m_fx5	1.1997946470220895	23	
11	@	1.897209787326597	23	
15	 _%k	1.47897574583209	42	
17	r4hpnrx	3.258895562834398	22	
20	6&!)*	1.0833490573302798	37	
21	xq2**^v	1.7067031454263388	47	
24	g@	2.2934913843874325	43	
29	6d#m11zl	3.517105333087505	45	
31	&@	3.857224836330593	7	
36	_gi)x	1.4683265633608107	50	
37	%5bachz	3.718612666793241	32	
40	@@b#z	2.4763003059890414	39	
44	iwvckj^f	2.248390267199271	35	
49	&w	1.0922522216010893	10	
53	s6f1"be)	2.3061300887839655	40	
56	^1a*j5&i	2.6032054121122914	16	
58	qo$	2.659385484225166	12	
60	*6qlyyq"	2.667805543415138	31	
64	%vp%6qo)	1.051996824798797	24	
68	1fu	2.9203450153041834	45	
69	 23yb p	2.391258914771827	30	
71	ngrz_6(1	3.4238998019987297	10	
76	cc4yu	2.899540764154806	49	
80	s#v	3.4384460213743093	29	
81	ldm*@v_	2.5509663714765676	46	
83	i)ajofu	3.4749278013143132	22	
84	dwq$	2.956584153736522	5	
86	jak	3.317949576283928	39	
91	"13	1.3765864263304808	3	
94	ibs6r	2.2180220828667876	16	
95	iav	1.5223422810652139	34	
98	h*	2.5773574268831627	49	
99	e!v$2s	1.0723887210660366	21	
101	f	3.280013260805548	10	
104	w	3.3534963193319864	40	
106	nxw	3.331621638204864	10	
110	uf$q	3.422045233907429	12	
113	xnoa1*	3.847148365406013	6	
117	nz 22l($	3.4677196210435524	12	
120	^efw%g4	2.3687110577582917	28	
124	t@!$	1.0223127825855076	2	
125	ek%^	1.1897720234276976	49	
126	_t"hk	3.3045742178070086	16	
129	vjee%)6	2.7205446257146355	31	
131	hj$ t	1.2891091986191765	40	
134	l	1.4238079664109862	41	
138	zycs*	2.6435462018353855	7	
142	g2	2.197763216225842	15	
147	hddhgnt 	1.0176332371615324	29	
148	lrug	1.2663949974534798	39	
152	e3"m	3.582948201159222	14	
153	")hk(v@	1.2821847731338656	31	
154	&	1.9373190674893828	13	
157	!u%kgina	1.8639625807949576	33	
158	&%rh	3.0414579299194275	18	
163	1%q!*"	2.555068487794702	44	
164	gvmdm1	1.6730769634994533	26	
168	teh	3.9874326069034676	15	
172	oy3!4hh	2.2909279840113816	12	
175	x#p	2.266928756128544	21	
180	_@yewt6	1.5584772038204457	18	
181	*yz&6xpq	3.8124022193433094	12	
186	buinjoi	3.6548526488155098	46	
188	l%	2.959882381340876	11	
189	e"6)_"	3.338056741407812	10	
193	t*	3.3630990003273826	12	
195	j!uvr	2.1516182392410865	3	
197	)y&)dhks	1.9043990310596142	1	
200	*!	1.9421806854090522	34	
201	a6^r@_*	2.7431956311241263	35	
204	g1joa	2.191985678810707	23	
207	fspyv5%	3.104792849088629	29	
210	(fos d%o	3.6328054438439423	21	
215	#!t	3.3622970023266676	7	
219	 	3.3760685259882606	7	
222	 k3fz5n	1.9361017282981714	45	
226	y^_a)3	3.9855102100948145	28	
229	h2	1.787883328316085	35	
230	%u*zshm	1.864017360320921	32	
235	*w	2.7963523740763785	17	
239	&	3.9710456082912327	13	
244	w	1.438662101214681	30	
248	d*^	3.2659348890053406	45	
251	r"m	1.9957545425078473	24	
253	$	3.917029253776663	27	
256	yorl&2"3	3.405790002771715	37	
260	2m63*v	3.468306756782388	37	
261	rle5i	1.7496861787901965	34	
265	v	2.9268471625653887	41	
269	_wj$ao	3.4998080277305266	15	
271	 3ar@	2.7350786504589193	25	
274	nwg1)	1.311790955827911	38	
278	v)k)vn	3.229722035167409	31	
280	xlcc4	2.4952413202898747	10	
281	4	3.153744278976241	16	
286	1*q#sev	2.0344015629928194	13	
289	$cg3(kxe	2.3609514686240627	40	
291	v1(q4$	1.2462222800237677	35	

select id, name, gpa from table1 where gpa > 2.312 and gpa < 3.87: 
Result Type: 1
id	name	gpa	
7	_	3.7275192302079203	
17	r4hpnrx	3.258895562834398	
29	6d#m11zl	3.517105333087505	
31	&@	3.857224836330593	
37	%5bachz	3.718612666793241	
40	@@b#z	2.4763003059890414	
56	^1a*j5&i	2.6032054121122914	
58	qo$	2.659385484225166	
60	*6qlyyq"	2.667805543415138	
68	1fu	2.9203450153041834	
69	 23yb p	2.391258914771827	
71	ngrz_6(1	3.4238998019987297	
76	cc4yu	2.899540764154806	
80	s#v	3.4384460213743093	
81	ldm*@v_	2.5509663714765676	
83	i)ajofu	3.4749278013143132	
84	dwq$	2.956584153736522	
86	jak	3.317949576283928	
98	h*	2.5773574268831627	
101	f	3.280013260805548	
104	w	3.3534963193319864	
106	nxw	3.331621638204864	
110	uf$q	3.422045233907429	
113	xnoa1*	3.847148365406013	
117	nz 22l($	3.4677196210435524	
120	^efw%g4	2.3687110577582917	
126	_t"hk	3.3045742178070086	
129	vjee%)6	2.7205446257146355	
138	zycs*	2.6435462018353855	
152	e3"m	3.582948201159222	
158	&%rh	3.0414579299194275	
163	1%q!*"	2.555068487794702	
181	*yz&6xpq	3.8124022193433094	
186	buinjoi	3.6548526488155098	
188	l%	2.959882381340876	
189	e"6)_"	3.338056741407812	
193	t*	3.3630990003273826	
201	a6^r@_*	2.7431956311241263	
207	fspyv5%	3.104792849088629	
210	(fos d%o	3.6328054438439423	
215	#!t	3.3622970023266676	
219	 	3.3760685259882606	
235	*w	2.7963523740763785	
248	d*^	3.2659348890053406	
256	yorl&2"3	3.405790002771715	
260	2m63*v	3.468306756782388	
265	v	2.9268471625653887	
269	_wj$ao	3.4998080277305266	
271	 3ar@	2.7350786504589193	
278	v)k)vn	3.229722035167409	
280	xlcc4	2.4952413202898747	
281	4	3.153744278976241	
289	$cg3(kxe	2.3609514686240627	

select id, name, group from table1 where group > 20 and group <> 40: 
Result Type: 1
id	name	group	
7	_	45	
10	m_fx5	23	
11	@	23	
15	 _%k	42	
17	r4hpnrx	22	
20	6&!)*	37	
21	xq2**^v	47	
24	g@	43	
29	6d#m11zl	45	
36	_gi)x	50	
37	%5bachz	32	
40	@@b#z	39	
44	iwvckj^f	35	
60	*6qlyyq"	31	
64	%vp%6qo)	24	
68	1fu	45	
69	 23yb p	30	
76	cc4yu	49	
80	s#v	29	
81	ldm*@v_	46	
83	i)ajofu	22	
86	jak	39	
95	iav	34	
98	h*	49	
99	e!v$2s	21	
120	^efw%g4	28	
125	ek%^	49	
129	vjee%)6	31	
134	l	41	
147	hddhgnt 	29	
148	lrug	39	
153	")hk(v@	31	
157	!u%kgina	33	
163	1%q!*"	44	
164	gvmdm1	26	
175	x#p	21	
186	buinjoi	46	
200	*!	34	
201	a6^r@_*	35	
204	g1joa	23	
207	fspyv5%	29	
210	(fos d%o	21	
222	 k3fz5n	45	
226	y^_a)3	28	
229	h2	35	
230	%u*zshm	32	
244	w	30	
248	d*^	45	
251	r"m	24	
253	$	27	
256	yorl&2"3	37	
260	2m63*v	37	
261	rle5i	34	
265	v	41	
271	 3ar@	25	
274	nwg1)	38	
278	v)k)vn	31	
291	v1(q4$	35	

select * from table1 where id > 30 and id < 300 and group <> 69 and gpa > 2.01: 
Result Type: 1
id	name	gpa	group	
31	&@	3.857224836330593	7	
37	%5bachz	3.718612666793241	32	
40	@@b#z	2.4763003059890414	39	
44	iwvckj^f	2.248390267199271	35	
53	s6f1"be)	2.3061300887839655	40	
56	^1a*j5&i	2.6032054121122914	16	
58	qo$	2.659385484225166	12	
60	*6qlyyq"	2.667805543415138	31	
68	1fu	2.9203450153041834	45	
69	 23yb p	2.391258914771827	30	
71	ngrz_6(1	3.4238998019987297	10	
76	cc4yu	2.899540764154806	49	
80	s#v	3.4384460213743093	29	
81	ldm*@v_	2.5509663714765676	46	
83	i)ajofu	3.4749278013143132	22	
84	dwq$	2.956584153736522	5	
86	jak	3.317949576283928	39	
94	ibs6r	2.2180220828667876	16	
98	h*	2.5773574268831627	49	
101	f	3.280013260805548	10	
104	w	3.3534963193319864	40	
106	nxw	3.331621638204864	10	
110	uf$q	3.422045233907429	12	
113	xnoa1*	3.847148365406013	6	
117	nz 22l($	3.4677196210435524	12	
120	^efw%g4	2.3687110577582917	28	
126	_t"hk	3.3045742178070086	16	
129	vjee%)6	2.7205446257146355	31	
138	zycs*	2.6435462018353855	7	
142	g2	2.197763216225842	15	
152	e3"m	3.582948201159222	14	
158	&%rh	3.0414579299194275	18	
163	1%q!*"	2.555068487794702	44	
168	teh	3.9874326069034676	15	
172	oy3!4hh	2.2909279840113816	12	
175	x#p	2.266928756128544	21	
181	*yz&6xpq	3.8124022193433094	12	
186	buinjoi	3.6548526488155098	46	
188	l%	2.959882381340876	11	
189	e"6)_"	3.338056741407812	10	
193	t*	3.3630990003273826	12	
195	j!uvr	2.1516182392410865	3	
201	a6^r@_*	2.7431956311241263	35	
204	g1joa	2.191985678810707	23	
207	fspyv5%	3.104792849088629	29	
210	(fos d%o	3.6328054438439423	21	
215	#!t	3.3622970023266676	7	
219	 	3.3760685259882606	7	
226	y^_a)3	3.9855102100948145	28	
235	*w	2.7963523740763785	17	
239	&	3.9710456082912327	13	
248	d*^	3.2659348890053406	45	
253	$	3.917029253776663	27	
256	yorl&2"3	3.405790002771715	37	
260	2m63*v	3.468306756782388	37	
265	v	2.9268471625653887	41	
269	_wj$ao	3.4998080277305266	15	
271	 3ar@	2.7350786504589193	25	
278	v)k)vn	3.229722035167409	31	
280	xlcc4	2.4952413202898747	10	
281	4	3.153744278976241	16	
286	1*q#sev	2.0344015629928194	13	
289	$cg3(kxe	2.3609514686240627	40	

: 
Result Type: -2
line 1:0 mismatched input '<EOF>' expecting {CREATE, DROP, SHOW, INSERT, DELETE, UPDATE, SELECT, USE}

select * from (select id, group from table1 where group < 30) as t where id > 20: 
Result Type: 1
id	group	
31	7	
49	10	
56	16	
58	12	
64	24	
71	10	
80	29	
83	22	
84	5	
91	3	
94	16	
99	21	
101	10	
106	10	
110	12	
113	6	
117	12	
120	28	
124	2	
126	16	
138	7	
142	15	
147	29	
152	14	
154	13	
158	18	
164	26	
168	15	
172	12	
175	21	
180	18	
181	12	
188	11	
189	10	
193	12	
195	3	
197	1	
204	23	
207	29	
210	21	
215	7	
219	7	
226	28	
235	17	
239	13	
251	24	
253	27	
269	15	
271	25	
280	10	
281	16	
286	13	

select id, group from table1 where not exist (select * from table2 where id2 = id): 
Result Type: 1
id	group	
6	20	
7	45	
10	23	
11	23	
15	42	
17	22	
20	37	
21	47	
24	43	
29	45	
31	7	
37	32	
40	39	
44	35	
56	16	
58	12	
64	24	
68	45	
69	30	
76	49	
81	46	
84	5	
86	39	
91	3	
98	49	
99	21	
101	10	
104	40	
106	10	
110	12	
113	6	
117	12	
120	28	
124	2	
125	49	
126	16	
129	31	
131	40	
134	41	
142	15	
147	29	
152	14	
154	13	
158	18	
164	26	
175	21	
180	18	
181	12	
186	46	
188	11	
189	10	
195	3	
200	34	
201	35	
204	23	
207	29	
210	21	
215	7	
219	7	
222	45	
226	28	
229	35	
230	32	
235	17	
239	13	
244	30	
251	24	
253	27	
261	34	
265	41	
269	15	
274	38	
280	10	
281	16	
291	35	
