
show databases;: 
Result Type: 1
dbName	
default	

create database DB1;: 
Result Type: 0

create database DB2;: 
Result Type: 0

use database DB1;: 
Result Type: 0

create table table1(id long, name string(8), gpa double, group int, primary key(id));: 
Result Type: 0

insert into table1 values(6, 'xy', 2.103159677781864, 20): 
Result Type: 0

insert into table1 values(7, '_', 3.7275192302079203, 45): 
Result Type: 0

insert into table1 values(10, 'm_fx5', 1.1997946470220895, 23): 
Result Type: 0

insert into table1 values(11, '@', 1.897209787326597, 23): 
Result Type: 0

insert into table1 values(15, ' _%k', 1.47897574583209, 42): 
Result Type: 0

insert into table1 values(17, 'r4hpnrx', 3.258895562834398, 22): 
Result Type: 0

insert into table1 values(20, '6&!)*', 1.0833490573302798, 37): 
Result Type: 0

insert into table1 values(21, 'xq2**^v', 1.7067031454263388, 47): 
Result Type: 0

insert into table1 values(24, 'g@', 2.2934913843874325, 43): 
Result Type: 0

insert into table1 values(29, '6d#m11zl', 3.517105333087505, 45): 
Result Type: 0

insert into table1 values(31, '&@', 3.857224836330593, 7): 
Result Type: 0

insert into table1 values(36, '_gi)x', 1.4683265633608107, 50): 
Result Type: 0

insert into table1 values(37, '%5bachz', 3.718612666793241, 32): 
Result Type: 0

insert into table1 values(40, '@@b#z', 2.4763003059890414, 39): 
Result Type: 0

insert into table1 values(44, 'iwvckj^f', 2.248390267199271, 35): 
Result Type: 0

insert into table1 values(49, '&w', 1.0922522216010893, 10): 
Result Type: 0

insert into table1 values(53, 's6f1"be)', 2.3061300887839655, 40): 
Result Type: 0

insert into table1 values(56, '^1a*j5&i', 2.6032054121122914, 16): 
Result Type: 0

insert into table1 values(58, 'qo$', 2.659385484225166, 12): 
Result Type: 0

insert into table1 values(60, '*6qlyyq"', 2.667805543415138, 31): 
Result Type: 0

insert into table1 values(64, '%vp%6qo)', 1.051996824798797, 24): 
Result Type: 0

insert into table1 values(68, '1fu', 2.9203450153041834, 45): 
Result Type: 0

insert into table1 values(69, ' 23yb p', 2.391258914771827, 30): 
Result Type: 0

insert into table1 values(71, 'ngrz_6(1', 3.4238998019987297, 10): 
Result Type: 0

insert into table1 values(76, 'cc4yu', 2.899540764154806, 49): 
Result Type: 0

insert into table1 values(80, 's#v', 3.4384460213743093, 29): 
Result Type: 0

insert into table1 values(81, 'ldm*@v_', 2.5509663714765676, 46): 
Result Type: 0

insert into table1 values(83, 'i)ajofu', 3.4749278013143132, 22): 
Result Type: 0

insert into table1 values(84, 'dwq$', 2.956584153736522, 5): 
Result Type: 0

insert into table1 values(86, 'jak', 3.317949576283928, 39): 
Result Type: 0

insert into table1 values(91, '"13', 1.3765864263304808, 3): 
Result Type: 0

insert into table1 values(94, 'ibs6r', 2.2180220828667876, 16): 
Result Type: 0

insert into table1 values(95, 'iav', 1.5223422810652139, 34): 
Result Type: 0

insert into table1 values(98, 'h*', 2.5773574268831627, 49): 
Result Type: 0

insert into table1 values(99, 'e!v$2s', 1.0723887210660366, 21): 
Result Type: 0

insert into table1 values(101, 'f', 3.280013260805548, 10): 
Result Type: 0

insert into table1 values(104, 'w', 3.3534963193319864, 40): 
Result Type: 0

insert into table1 values(106, 'nxw', 3.331621638204864, 10): 
Result Type: 0

insert into table1 values(110, 'uf$q', 3.422045233907429, 12): 
Result Type: 0

insert into table1 values(113, 'xnoa1*', 3.847148365406013, 6): 
Result Type: 0

insert into table1 values(117, 'nz 22l($', 3.4677196210435524, 12): 
Result Type: 0

insert into table1 values(120, '^efw%g4', 2.3687110577582917, 28): 
Result Type: 0

insert into table1 values(124, 't@!$', 1.0223127825855076, 2): 
Result Type: 0

insert into table1 values(125, 'ek%^', 1.1897720234276976, 49): 
Result Type: 0

insert into table1 values(126, '_t"hk', 3.3045742178070086, 16): 
Result Type: 0

insert into table1 values(129, 'vjee%)6', 2.7205446257146355, 31): 
Result Type: 0

insert into table1 values(131, 'hj$ t', 1.2891091986191765, 40): 
Result Type: 0

insert into table1 values(134, 'l', 1.4238079664109862, 41): 
Result Type: 0

insert into table1 values(138, 'zycs*', 2.6435462018353855, 7): 
Result Type: 0

insert into table1 values(142, 'g2', 2.197763216225842, 15): 
Result Type: 0

insert into table1 values(147, 'hddhgnt ', 1.0176332371615324, 29): 
Result Type: 0

insert into table1 values(148, 'lrug', 1.2663949974534798, 39): 
Result Type: 0

insert into table1 values(152, 'e3"m', 3.582948201159222, 14): 
Result Type: 0

insert into table1 values(153, '")hk(v@', 1.2821847731338656, 31): 
Result Type: 0

insert into table1 values(154, '&', 1.9373190674893828, 13): 
Result Type: 0

insert into table1 values(157, '!u%kgina', 1.8639625807949576, 33): 
Result Type: 0

insert into table1 values(158, '&%rh', 3.0414579299194275, 18): 
Result Type: 0

insert into table1 values(163, '1%q!*"', 2.555068487794702, 44): 
Result Type: 0

insert into table1 values(164, 'gvmdm1', 1.6730769634994533, 26): 
Result Type: 0

insert into table1 values(168, 'teh', 3.9874326069034676, 15): 
Result Type: 0

insert into table1 values(172, 'oy3!4hh', 2.2909279840113816, 12): 
Result Type: 0

insert into table1 values(175, 'x#p', 2.266928756128544, 21): 
Result Type: 0

insert into table1 values(180, '_@yewt6', 1.5584772038204457, 18): 
Result Type: 0

insert into table1 values(181, '*yz&6xpq', 3.8124022193433094, 12): 
Result Type: 0

insert into table1 values(186, 'buinjoi', 3.6548526488155098, 46): 
Result Type: 0

insert into table1 values(188, 'l%', 2.959882381340876, 11): 
Result Type: 0

insert into table1 values(189, 'e"6)_"', 3.338056741407812, 10): 
Result Type: 0

insert into table1 values(193, 't*', 3.3630990003273826, 12): 
Result Type: 0

insert into table1 values(195, 'j!uvr', 2.1516182392410865, 3): 
Result Type: 0

insert into table1 values(197, ')y&)dhks', 1.9043990310596142, 1): 
Result Type: 0

insert into table1 values(200, '*!', 1.9421806854090522, 34): 
Result Type: 0

insert into table1 values(201, 'a6^r@_*', 2.7431956311241263, 35): 
Result Type: 0

insert into table1 values(204, 'g1joa', 2.191985678810707, 23): 
Result Type: 0

insert into table1 values(207, 'fspyv5%', 3.104792849088629, 29): 
Result Type: 0

insert into table1 values(210, '(fos d%o', 3.6328054438439423, 21): 
Result Type: 0

insert into table1 values(215, '#!t', 3.3622970023266676, 7): 
Result Type: 0

insert into table1 values(219, ' ', 3.3760685259882606, 7): 
Result Type: 0

insert into table1 values(222, ' k3fz5n', 1.9361017282981714, 45): 
Result Type: 0

insert into table1 values(226, 'y^_a)3', 3.9855102100948145, 28): 
Result Type: 0

insert into table1 values(229, 'h2', 1.787883328316085, 35): 
Result Type: 0

insert into table1 values(230, '%u*zshm', 1.864017360320921, 32): 
Result Type: 0

insert into table1 values(235, '*w', 2.7963523740763785, 17): 
Result Type: 0

insert into table1 values(239, '&', 3.9710456082912327, 13): 
Result Type: 0

insert into table1 values(244, 'w', 1.438662101214681, 30): 
Result Type: 0

insert into table1 values(248, 'd*^', 3.2659348890053406, 45): 
Result Type: 0

insert into table1 values(251, 'r"m', 1.9957545425078473, 24): 
Result Type: 0

insert into table1 values(253, '$', 3.917029253776663, 27): 
Result Type: 0

insert into table1 values(256, 'yorl&2"3', 3.405790002771715, 37): 
Result Type: 0

insert into table1 values(260, '2m63*v', 3.468306756782388, 37): 
Result Type: 0

insert into table1 values(261, 'rle5i', 1.7496861787901965, 34): 
Result Type: 0

insert into table1 values(265, 'v', 2.9268471625653887, 41): 
Result Type: 0

insert into table1 values(269, '_wj$ao', 3.4998080277305266, 15): 
Result Type: 0

insert into table1 values(271, ' 3ar@', 2.7350786504589193, 25): 
Result Type: 0

insert into table1 values(274, 'nwg1)', 1.311790955827911, 38): 
Result Type: 0

insert into table1 values(278, 'v)k)vn', 3.229722035167409, 31): 
Result Type: 0

insert into table1 values(280, 'xlcc4', 2.4952413202898747, 10): 
Result Type: 0

insert into table1 values(281, '4', 3.153744278976241, 16): 
Result Type: 0

insert into table1 values(286, '1*q#sev', 2.0344015629928194, 13): 
Result Type: 0

insert into table1 values(289, '$cg3(kxe', 2.3609514686240627, 40): 
Result Type: 0

insert into table1 values(291, 'v1(q4$', 1.2462222800237677, 35): 
Result Type: 0

select * from table1: 
Result Type: 1
id	name	gpa	group	
6	xy	2.103159677781864	20	
7	_	3.7275192302079203	45	
10	m_fx5	1.1997946470220895	23	
11	@	1.897209787326597	23	
15	 _%k	1.47897574583209	42	
17	r4hpnrx	3.258895562834398	22	
20	6&!)*	1.0833490573302798	37	
21	xq2**^v	1.7067031454263388	47	
24	g@	2.2934913843874325	43	
29	6d#m11zl	3.517105333087505	45	
31	&@	3.857224836330593	7	
36	_gi)x	1.4683265633608107	50	
37	%5bachz	3.718612666793241	32	
40	@@b#z	2.4763003059890414	39	
44	iwvckj^f	2.248390267199271	35	
49	&w	1.0922522216010893	10	
53	s6f1"be)	2.3061300887839655	40	
56	^1a*j5&i	2.6032054121122914	16	
58	qo$	2.659385484225166	12	
60	*6qlyyq"	2.667805543415138	31	
64	%vp%6qo)	1.051996824798797	24	
68	1fu	2.9203450153041834	45	
69	 23yb p	2.391258914771827	30	
71	ngrz_6(1	3.4238998019987297	10	
76	cc4yu	2.899540764154806	49	
80	s#v	3.4384460213743093	29	
81	ldm*@v_	2.5509663714765676	46	
83	i)ajofu	3.4749278013143132	22	
84	dwq$	2.956584153736522	5	
86	jak	3.317949576283928	39	
91	"13	1.3765864263304808	3	
94	ibs6r	2.2180220828667876	16	
95	iav	1.5223422810652139	34	
98	h*	2.5773574268831627	49	
99	e!v$2s	1.0723887210660366	21	
101	f	3.280013260805548	10	
104	w	3.3534963193319864	40	
106	nxw	3.331621638204864	10	
110	uf$q	3.422045233907429	12	
113	xnoa1*	3.847148365406013	6	
117	nz 22l($	3.4677196210435524	12	
120	^efw%g4	2.3687110577582917	28	
124	t@!$	1.0223127825855076	2	
125	ek%^	1.1897720234276976	49	
126	_t"hk	3.3045742178070086	16	
129	vjee%)6	2.7205446257146355	31	
131	hj$ t	1.2891091986191765	40	
134	l	1.4238079664109862	41	
138	zycs*	2.6435462018353855	7	
142	g2	2.197763216225842	15	
147	hddhgnt 	1.0176332371615324	29	
148	lrug	1.2663949974534798	39	
152	e3"m	3.582948201159222	14	
153	")hk(v@	1.2821847731338656	31	
154	&	1.9373190674893828	13	
157	!u%kgina	1.8639625807949576	33	
158	&%rh	3.0414579299194275	18	
163	1%q!*"	2.555068487794702	44	
164	gvmdm1	1.6730769634994533	26	
168	teh	3.9874326069034676	15	
172	oy3!4hh	2.2909279840113816	12	
175	x#p	2.266928756128544	21	
180	_@yewt6	1.5584772038204457	18	
181	*yz&6xpq	3.8124022193433094	12	
186	buinjoi	3.6548526488155098	46	
188	l%	2.959882381340876	11	
189	e"6)_"	3.338056741407812	10	
193	t*	3.3630990003273826	12	
195	j!uvr	2.1516182392410865	3	
197	)y&)dhks	1.9043990310596142	1	
200	*!	1.9421806854090522	34	
201	a6^r@_*	2.7431956311241263	35	
204	g1joa	2.191985678810707	23	
207	fspyv5%	3.104792849088629	29	
210	(fos d%o	3.6328054438439423	21	
215	#!t	3.3622970023266676	7	
219	 	3.3760685259882606	7	
222	 k3fz5n	1.9361017282981714	45	
226	y^_a)3	3.9855102100948145	28	
229	h2	1.787883328316085	35	
230	%u*zshm	1.864017360320921	32	
235	*w	2.7963523740763785	17	
239	&	3.9710456082912327	13	
244	w	1.438662101214681	30	
248	d*^	3.2659348890053406	45	
251	r"m	1.9957545425078473	24	
253	$	3.917029253776663	27	
256	yorl&2"3	3.405790002771715	37	
260	2m63*v	3.468306756782388	37	
261	rle5i	1.7496861787901965	34	
265	v	2.9268471625653887	41	
269	_wj$ao	3.4998080277305266	15	
271	 3ar@	2.7350786504589193	25	
274	nwg1)	1.311790955827911	38	
278	v)k)vn	3.229722035167409	31	
280	xlcc4	2.4952413202898747	10	
281	4	3.153744278976241	16	
286	1*q#sev	2.0344015629928194	13	
289	$cg3(kxe	2.3609514686240627	40	
291	v1(q4$	1.2462222800237677	35	

select id, name, gpa from table1 where gpa > 2.312 and gpa < 3.87: 
Result Type: 1
id	name	gpa	
7	_	3.7275192302079203	
17	r4hpnrx	3.258895562834398	
29	6d#m11zl	3.517105333087505	
31	&@	3.857224836330593	
37	%5bachz	3.718612666793241	
40	@@b#z	2.4763003059890414	
56	^1a*j5&i	2.6032054121122914	
58	qo$	2.659385484225166	
60	*6qlyyq"	2.667805543415138	
68	1fu	2.9203450153041834	
69	 23yb p	2.391258914771827	
71	ngrz_6(1	3.4238998019987297	
76	cc4yu	2.899540764154806	
80	s#v	3.4384460213743093	
81	ldm*@v_	2.5509663714765676	
83	i)ajofu	3.4749278013143132	
84	dwq$	2.956584153736522	
86	jak	3.317949576283928	
98	h*	2.5773574268831627	
101	f	3.280013260805548	
104	w	3.3534963193319864	
106	nxw	3.331621638204864	
110	uf$q	3.422045233907429	
113	xnoa1*	3.847148365406013	
117	nz 22l($	3.4677196210435524	
120	^efw%g4	2.3687110577582917	
126	_t"hk	3.3045742178070086	
129	vjee%)6	2.7205446257146355	
138	zycs*	2.6435462018353855	
152	e3"m	3.582948201159222	
158	&%rh	3.0414579299194275	
163	1%q!*"	2.555068487794702	
181	*yz&6xpq	3.8124022193433094	
186	buinjoi	3.6548526488155098	
188	l%	2.959882381340876	
189	e"6)_"	3.338056741407812	
193	t*	3.3630990003273826	
201	a6^r@_*	2.7431956311241263	
207	fspyv5%	3.104792849088629	
210	(fos d%o	3.6328054438439423	
215	#!t	3.3622970023266676	
219	 	3.3760685259882606	
235	*w	2.7963523740763785	
248	d*^	3.2659348890053406	
256	yorl&2"3	3.405790002771715	
260	2m63*v	3.468306756782388	
265	v	2.9268471625653887	
269	_wj$ao	3.4998080277305266	
271	 3ar@	2.7350786504589193	
278	v)k)vn	3.229722035167409	
280	xlcc4	2.4952413202898747	
281	4	3.153744278976241	
289	$cg3(kxe	2.3609514686240627	

select id, name, group from table1 where group > 20 and group <> 40: 
Result Type: 1
id	name	group	
53	s6f1"be)	40	
104	w	40	
131	hj$ t	40	
289	$cg3(kxe	40	

select * from table1 where id > 30 and id < 300 and group <> 69 and gpa > 2.01: 
Result Type: 1
id	name	gpa	group	
